{
    "_startTime": 13.864054679870606,
    "_endTime": 313.8640441894531
}